{
  "accuracy": 0.54,
  "precision": 0.5406360424028268,
  "recall": 0.4434782608695652,
  "auc": 0.5385915492957747
}